{
  "result": [
    {
      "id": 0,
      "title": "Upcoming Movies",
      "details": [
        {
          "adult": false,
          "backdrop_path": "/c1bz69r0v065TGFA5nqBiKzPDys.jpg",
          "genre_ids": [
            35,
            10751,
            10402
          ],
          "id": 830784,
          "original_language": "en",
          "original_title": "Lyle, Lyle, Crocodile",
          "overview": "When the Primm family moves to New York City, their young son Josh struggles to adapt to his new school and new friends. All of that changes when he discovers Lyle — a singing crocodile who loves baths, caviar and great music — living in the attic of his new home. But when Lyle’s existence is threatened by evil neighbor Mr. Grumps, the Primms must band together to show the world that family can come from the most unexpected places.",
          "popularity": 1710.176,
          "poster_path": "/irIS5Tn3TXjNi1R9BpWvGAN4CZ1.jpg",
          "release_date": "2022-10-07",
          "title": "Lyle, Lyle, Crocodile",
          "video": false,
          "vote_average": 7.8,
          "vote_count": 122
        },
        {
          "adult": false,
          "backdrop_path": "/tUBN1paMQ1tmVA5Sjy1ZjPWVsiF.jpg",
          "genre_ids": [
            12,
            16,
            35,
            10751,
            14
          ],
          "id": 676701,
          "original_language": "es",
          "original_title": "Tadeo Jones 3: La Tabla Esmeralda",
          "overview": "Tad would love for his archeologist colleagues to accept him as one of their own, but he always messes everything up. Tad accidentally destroys a sarcophagus and unleashes an ancient spell endangering the lives of his friends: Mummy, Jeff and Belzoni. With everyone against him and only helped by Sara, he sets off on an adventure that will take him from Mexico to Chicago and from Paris to Egypt, in order to put an end to the curse of the Mummy.",
          "popularity": 862.707,
          "poster_path": "/jvIVl8zdNSOAJImw1elQEzxStMN.jpg",
          "release_date": "2022-08-24",
          "title": "Tad the Lost Explorer and the Curse of the Mummy",
          "video": false,
          "vote_average": 7.8,
          "vote_count": 128
        },
        {
          "adult": false,
          "backdrop_path": "/tlin6STxxVoln0f818sEQYH7PyC.jpg",
          "genre_ids": [
            27,
            53
          ],
          "id": 663712,
          "original_language": "en",
          "original_title": "Terrifier 2",
          "overview": "After being resurrected by a sinister entity, Art the Clown returns to Miles County where he must hunt down and destroy a teenage girl and her younger brother on Halloween night.  As the body count rises, the siblings fight to stay alive while uncovering the true nature of Art's evil intent.",
          "popularity": 962.461,
          "poster_path": "/8gLhu8UFPZfH2Hv11JhTZkb9CVl.jpg",
          "release_date": "2022-10-06",
          "title": "Terrifier 2",
          "video": false,
          "vote_average": 7,
          "vote_count": 709
        },
        {
          "adult": false,
          "backdrop_path": "/198vrF8k7mfQ4FjDJsBmdQcaiyq.jpg",
          "genre_ids": [
            878,
            28,
            12
          ],
          "id": 76600,
          "original_language": "en",
          "original_title": "Avatar: The Way of Water",
          "overview": "Set more than a decade after the events of the first film, learn the story of the Sully family (Jake, Neytiri, and their kids), the trouble that follows them, the lengths they go to keep each other safe, the battles they fight to stay alive, and the tragedies they endure.",
          "popularity": 898.098,
          "poster_path": "/t6HIqrRAclMCA60NsSmeqe9RmNV.jpg",
          "release_date": "2022-12-14",
          "title": "Avatar: The Way of Water",
          "video": false,
          "vote_average": 0,
          "vote_count": 0
        },
        {
          "adult": false,
          "backdrop_path": "/AaV1YIdWKnjAIAOe8UUKBFm327v.jpg",
          "genre_ids": [
            28,
            18
          ],
          "id": 361743,
          "original_language": "en",
          "original_title": "Top Gun: Maverick",
          "overview": "After more than thirty years of service as one of the Navy’s top aviators, and dodging the advancement in rank that would ground him, Pete “Maverick” Mitchell finds himself training a detachment of TOP GUN graduates for a specialized mission the likes of which no living pilot has ever seen.",
          "popularity": 538.764,
          "poster_path": "/62HCnUTziyWcpDaBO2i1DX17ljH.jpg",
          "release_date": "2022-05-24",
          "title": "Top Gun: Maverick",
          "video": false,
          "vote_average": 8.3,
          "vote_count": 4909
        },
        {
          "adult": false,
          "backdrop_path": "/jBIMZ0AlUYuFNsKbd4L6FojWMoy.jpg",
          "genre_ids": [
            16,
            35,
            10749
          ],
          "id": 820067,
          "original_language": "ja",
          "original_title": "映画 五等分の花嫁",
          "overview": "When five lovely young girls who hate studying hire part-time tutor Futaro, he guides not only their education but also their hearts. Time spent has brought them all closer, with feelings growing within the girls and Futaro. As they finish their third year of high school and their last school festival approaches, they set their sights on what’s next. Is there a future with one of them and Futaro?",
          "popularity": 365.38,
          "poster_path": "/sg7klpt1xwK1IJirBI9EHaqQwJ5.jpg",
          "release_date": "2022-05-20",
          "title": "The Quintessential Quintuplets Movie",
          "video": false,
          "vote_average": 9,
          "vote_count": 116
        },
        {
          "adult": false,
          "backdrop_path": "/GFq9kYUnpRCnlbIbjPzNA96e0j.jpg",
          "genre_ids": [
            35,
            27,
            53
          ],
          "id": 593643,
          "original_language": "en",
          "original_title": "The Menu",
          "overview": "A couple travels to a coastal island to eat at an exclusive restaurant where the chef has prepared a lavish menu, with some shocking surprises.",
          "popularity": 459.386,
          "poster_path": "/v31MsWhF9WFh7Qooq6xSBbmJxoG.jpg",
          "release_date": "2022-11-17",
          "title": "The Menu",
          "video": false,
          "vote_average": 7.3,
          "vote_count": 347
        },
        {
          "adult": false,
          "backdrop_path": "/6mEYUYdkKoVCMeYf3rTFj0L1uyv.jpg",
          "genre_ids": [
            28,
            35,
            80,
            53
          ],
          "id": 899112,
          "original_language": "en",
          "original_title": "Violent Night",
          "overview": "When a team of mercenaries breaks into a wealthy family compound on Christmas Eve, taking everyone inside hostage, the team isn’t prepared for a surprise combatant: Santa Claus is on the grounds, and he’s about to show why this Nick is no saint.",
          "popularity": 300.568,
          "poster_path": "/1CHp8QQjGwqWaPZWjzcRidlt5Xs.jpg",
          "release_date": "2022-11-30",
          "title": "Violent Night",
          "video": false,
          "vote_average": 7.6,
          "vote_count": 54
        },
        {
          "adult": false,
          "backdrop_path": "/aIkG2V4UXrfkxMdJZmq30xO0QQr.jpg",
          "genre_ids": [
            878,
            10751,
            28,
            12
          ],
          "id": 791155,
          "original_language": "en",
          "original_title": "Secret Headquarters",
          "overview": "While hanging out after school, Charlie and his friends discover the headquarters of the world’s most powerful superhero hidden beneath his home. When villains attack, they must team up to defend the headquarters and save the world.",
          "popularity": 350.064,
          "poster_path": "/8PsHogUfvjWPGdWAI5uslDhHDx7.jpg",
          "release_date": "2022-12-20",
          "title": "Secret Headquarters",
          "video": false,
          "vote_average": 0,
          "vote_count": 0
        },
        {
          "adult": false,
          "backdrop_path": "/2iGUavwv86Hubv3V5Iq4qEQXDfE.jpg",
          "genre_ids": [
            53,
            18,
            27
          ],
          "id": 848058,
          "original_language": "vi",
          "original_title": "Cerdita",
          "overview": "A bullied overweight teenager sees a glimpse of hope when her tormentors are brutally abducted by a mesmerizing stranger.",
          "popularity": 397.907,
          "poster_path": "/8EIQAvJjXdbNDMmBtHtgGqbc09V.jpg",
          "release_date": "2022-10-07",
          "title": "Piggy",
          "video": false,
          "vote_average": 6.7,
          "vote_count": 225
        },
        {
          "adult": false,
          "backdrop_path": "/qjGrUmKW78MCFG8PTLDBp67S27p.jpg",
          "genre_ids": [
            16,
            28,
            12,
            14
          ],
          "id": 635302,
          "original_language": "ja",
          "original_title": "劇場版「鬼滅の刃」無限列車編",
          "overview": "Tanjirō Kamado, joined with Inosuke Hashibira, a boy raised by boars who wears a boar's head, and Zenitsu Agatsuma, a scared boy who reveals his true power when he sleeps, boards the Infinity Train on a new mission with the Fire Hashira, Kyōjurō Rengoku, to defeat a demon who has been tormenting the people and killing the demon slayers who oppose it!",
          "popularity": 330.895,
          "poster_path": "/h8Rb9gBr48ODIwYUttZNYeMWeUU.jpg",
          "release_date": "2020-10-16",
          "title": "Demon Slayer -Kimetsu no Yaiba- The Movie: Mugen Train",
          "video": false,
          "vote_average": 8.3,
          "vote_count": 2804
        },
        {
          "adult": false,
          "backdrop_path": "/cP8YNG3XUeBmO8Jk7Skzq3vwHy1.jpg",
          "genre_ids": [
            16,
            12,
            35,
            10751,
            14
          ],
          "id": 315162,
          "original_language": "en",
          "original_title": "Puss in Boots: The Last Wish",
          "overview": "Puss in Boots discovers that his passion for adventure has taken its toll: He has burned through eight of his nine lives, leaving him with only one life left. Puss sets out on an epic journey to find the mythical Last Wish and restore his nine lives.",
          "popularity": 181.542,
          "poster_path": "/1NqwE6LP9IEdOZ57NCT51ftHtWT.jpg",
          "release_date": "2022-12-07",
          "title": "Puss in Boots: The Last Wish",
          "video": false,
          "vote_average": 7.7,
          "vote_count": 7
        },
        {
          "adult": false,
          "backdrop_path": "/txIt41UgDBJsZ7W33bhXjdqUIv8.jpg",
          "genre_ids": [
            10751,
            35,
            18
          ],
          "id": 929340,
          "original_language": "en",
          "original_title": "A Christmas Story Christmas",
          "overview": "Ralphie is now all grown up and must deal with Christmas and all that comes with it…as a dad.",
          "popularity": 117.274,
          "poster_path": "/5QeoDiiIFY9VF87Rm79WpCFZbwf.jpg",
          "release_date": "2022-11-17",
          "title": "A Christmas Story Christmas",
          "video": false,
          "vote_average": 6.7,
          "vote_count": 43
        },
        {
          "adult": false,
          "backdrop_path": "/1AsP4UAv6hCGXUcH8GqMwd5KmCN.jpg",
          "genre_ids": [
            35,
            18
          ],
          "id": 497828,
          "original_language": "en",
          "original_title": "Triangle of Sadness",
          "overview": "A celebrity model couple are invited on a luxury cruise for the uber-rich, helmed by an unhinged captain. What first appeared Instagrammable ends catastrophically, leaving the survivors stranded on a desert island and fighting for survival.",
          "popularity": 88.771,
          "poster_path": "/fgy78BLl0gk8OzTWHZyGrSlIEON.jpg",
          "release_date": "2022-09-23",
          "title": "Triangle of Sadness",
          "video": false,
          "vote_average": 7.6,
          "vote_count": 356
        },
        {
          "adult": false,
          "backdrop_path": "/A1bWhTFQKkhF1yhSKWosSyzn2Hp.jpg",
          "genre_ids": [
            9648,
            53,
            80,
            18,
            10749
          ],
          "id": 705996,
          "original_language": "ko",
          "original_title": "헤어질 결심",
          "overview": "From a mountain peak in South Korea, a man plummets to his death. Did he jump, or was he pushed? When detective Hae-joon arrives on the scene, he begins to suspect the dead man’s wife Seo-rae. But as he digs deeper into the investigation, he finds himself trapped in a web of deception and desire.",
          "popularity": 83.685,
          "poster_path": "/N0rskx91Eh6aWjvBybeY6epNic.jpg",
          "release_date": "2022-06-29",
          "title": "Decision to Leave",
          "video": false,
          "vote_average": 7.3,
          "vote_count": 315
        },
        {
          "adult": false,
          "backdrop_path": "/giveZjQGE4Pn3kJvsTn7uHqLjZS.jpg",
          "genre_ids": [
            18
          ],
          "id": 615952,
          "original_language": "en",
          "original_title": "Armageddon Time",
          "overview": "In 1980, Queens, New York, a young Jewish boy befriends a rebellious African-American classmate to the disapproval of his privileged family and begins to reckon with growing up in a world of inequality and prejudice.",
          "popularity": 109.624,
          "poster_path": "/1ResCMsWd0w4o8SJEJIZrQxbRof.jpg",
          "release_date": "2022-10-28",
          "title": "Armageddon Time",
          "video": false,
          "vote_average": 7,
          "vote_count": 102
        },
        {
          "adult": false,
          "backdrop_path": "/bnXGwFBomUseQIc9Xqiymy9p8qP.jpg",
          "genre_ids": [
            27,
            14
          ],
          "id": 517302,
          "original_language": "fi",
          "original_title": "Pahanhautoja",
          "overview": "12 year old Tinja is desperate to please her mother, a woman obsessed with presenting the image of a perfect family. One night, Tinja finds a strange egg. What hatches is beyond belief.",
          "popularity": 54.353,
          "poster_path": "/jgJACjJIpcbFfEEmEglinfQWQPO.jpg",
          "release_date": "2022-03-04",
          "title": "Hatching",
          "video": false,
          "vote_average": 6.4,
          "vote_count": 194
        },
        {
          "adult": false,
          "backdrop_path": "/r1l5Z6cQzqhXuY8j3cdvBdwtunc.jpg",
          "genre_ids": [
            18,
            9648
          ],
          "id": 790867,
          "original_language": "en",
          "original_title": "The Eternal Daughter",
          "overview": "An artist and her elderly mother confront long-buried secrets when they return to a former family home, now a hotel haunted by its mysterious past.",
          "popularity": 67.215,
          "poster_path": "/kyv8tPXx3mKchYzVmA3VckKoJDi.jpg",
          "release_date": "2022-12-02",
          "title": "The Eternal Daughter",
          "video": false,
          "vote_average": 6.3,
          "vote_count": 3
        },
        {
          "adult": false,
          "backdrop_path": "/7IwLNl9MJbj47pObu8xMDUbIesv.jpg",
          "genre_ids": [
            27,
            53
          ],
          "id": 676547,
          "original_language": "en",
          "original_title": "Prey for the Devil",
          "overview": "In response to a global rise in demonic possessions, the Catholic Church reopens exorcism schools to train priests in the Rite of Exorcism. On this spiritual battlefield, an unlikely warrior rises: a young nun, Sister Ann. Thrust onto the spiritual frontline with fellow student Father Dante, Sister Ann finds herself in a battle for the soul of a young girl and soon realizes the Devil has her right where he wants her.",
          "popularity": 78.071,
          "poster_path": "/w3s6XEDNVGq5LUlghqs6VlvsvL6.jpg",
          "release_date": "2022-10-23",
          "title": "Prey for the Devil",
          "video": false,
          "vote_average": 5.7,
          "vote_count": 72
        },
        {
          "adult": false,
          "backdrop_path": "/dom8lzl2iU46nDu6s4lBolBNjQs.jpg",
          "genre_ids": [
            18
          ],
          "id": 736732,
          "original_language": "ko",
          "original_title": "브로커",
          "overview": "Boxes are left out for people to anonymously drop off their unwanted babies.",
          "popularity": 55.038,
          "poster_path": "/hhoINfy92ufsdsrSeovpQyVrOUD.jpg",
          "release_date": "2022-06-08",
          "title": "Broker",
          "video": false,
          "vote_average": 7.3,
          "vote_count": 103
        }
      ]
    },
    {
      "id": 1,
      "title": "Popular Movies",
      "details": [
        {
          "adult": false,
          "backdrop_path": "/bOGkgRGdhrBYJSLpXaxhXVstddV.jpg",
          "genre_ids": [
            28,
            12,
            14,
            878
          ],
          "id": 299536,
          "original_language": "en",
          "original_title": "Avengers: Infinity War",
          "overview": "As the Avengers and their allies have continued to protect the world from threats too large for any one hero to handle, a new danger has emerged from the cosmic shadows: Thanos. A despot of intergalactic infamy, his goal is to collect all six Infinity Stones, artifacts of unimaginable power, and use them to inflict his twisted will on all of reality. Everything the Avengers have fought for has led up to this moment - the fate of Earth and existence itself has never been more uncertain.",
          "poster_path": "/7WsyChQLEftFiDOVTGkv3hFpyyt.jpg",
          "release_date": "2018-04-25",
          "title": "Avengers: Infinity War",
          "video": false,
          "vote_average": 8.3,
          "vote_count": 6937,
          "popularity": 358.799
        },
        {
          "adult": false,
          "backdrop_path": "/3P52oz9HPQWxcwHOwxtyrVV1LKi.jpg",
          "genre_ids": [
            28,
            35,
            878
          ],
          "id": 383498,
          "original_language": "en",
          "original_title": "Deadpool 2",
          "overview": "Wisecracking mercenary Deadpool battles the evil and powerful Cable and other bad guys to save a boy's life.",
          "poster_path": "/to0spRl1CMDvyUbOnbb4fTk3VAd.jpg",
          "release_date": "2018-05-15",
          "title": "Deadpool 2",
          "video": false,
          "vote_average": 7.6,
          "vote_count": 3938,
          "popularity": 223.011
        },
        {
          "adult": false,
          "backdrop_path": "/22cUd4Yg5euCxIwWzXrL4m4otkU.jpg",
          "genre_ids": [
            28,
            878,
            53
          ],
          "id": 500664,
          "original_language": "en",
          "original_title": "Upgrade",
          "overview": "A brutal mugging leaves Grey Trace paralyzed in the hospital and his beloved wife dead. A billionaire inventor soon offers Trace a cure — an artificial intelligence implant called STEM that will enhance his body. Now able to walk, Grey finds that he also has superhuman strength and agility — skills he uses to seek revenge against the thugs who destroyed his life.",
          "poster_path": "/adOzdWS35KAo21r9R4BuFCkLer6.jpg",
          "release_date": "2018-06-01",
          "title": "Upgrade",
          "video": false,
          "vote_average": 7.6,
          "vote_count": 138,
          "popularity": 32.969
        },
        {
          "adult": false,
          "backdrop_path": "/uZTtVdOEIwPA6vwVRI3217DoPM.jpg",
          "genre_ids": [
            35,
            10749
          ],
          "id": 466282,
          "original_language": "en",
          "original_title": "To All the Boys I've Loved Before",
          "overview": "Lara Jean's love life goes from imaginary to out of control when her secret letters to every boy she's ever fallen for are mysteriously mailed out.",
          "poster_path": "/hKHZhUbIyUAjcSrqJThFGYIR6kI.jpg",
          "release_date": "2018-08-17",
          "title": "To All the Boys I've Loved Before",
          "video": false,
          "vote_average": 8.4,
          "vote_count": 349,
          "popularity": 31.76
        },
        {
          "adult": false,
          "backdrop_path": "/yRXzrwLfB5tDTIA3lSU9S3N9RUK.jpg",
          "genre_ids": [
            35,
            18
          ],
          "id": 455980,
          "original_language": "en",
          "original_title": "Tag",
          "overview": "For one month every year, five highly competitive friends hit the ground running in a no-holds-barred game of tag they’ve been playing since the first grade. This year, the game coincides with the wedding of their only undefeated player, which should finally make him an easy target. But he knows they’re coming...and he’s ready.",
          "poster_path": "/eXXpuW2xaq5Aen9N5prFlARVIvr.jpg",
          "release_date": "2018-06-14",
          "title": "Tag",
          "video": false,
          "vote_average": 7,
          "vote_count": 285,
          "popularity": 87.194
        },
        {
          "backdrop_path": "/hHEqDPbO6z4Xje5tOf3Wm1mdMtI.jpg",
          "first_air_date": "2018-08-17",
          "genre_ids": [
            16,
            35,
            10765
          ],
          "id": 73021,
          "name": "Disenchantment",
          "origin_country": [
            "US"
          ],
          "original_language": "en",
          "original_name": "Disenchantment",
          "overview": "Set in a ruined medieval city called Dreamland, Disenchantment follows the grubby adventures of a hard-drinking princess, her feisty elf companion and her personal demon.",
          "poster_path": "/c3cUb0b3qHlWaawbLRC9DSsJwEr.jpg",
          "vote_average": 7.8,
          "vote_count": 8,
          "popularity": 19.929
        },
        {
          "adult": false,
          "backdrop_path": "/3ccBOsbVpgwN9K5whd2UB9ACebG.jpg",
          "genre_ids": [
            80,
            18
          ],
          "id": 489931,
          "original_language": "en",
          "original_title": "American Animals",
          "overview": "Four young men mistake their lives for a movie and attempt one of the most audacious heists in U.S. history.",
          "poster_path": "/aLbdKxgxuOPvs6CTlmzoOQ4Yg3j.jpg",
          "release_date": "2018-06-01",
          "title": "American Animals",
          "video": false,
          "vote_average": 7,
          "vote_count": 38,
          "popularity": 16.876
        },
        {
          "adult": false,
          "backdrop_path": "/tmpY6f0Lf7Dnx6inByjvHby4AYf.jpg",
          "genre_ids": [
            35
          ],
          "id": 454283,
          "original_language": "en",
          "original_title": "Action Point",
          "overview": "A daredevil designs and operates his own theme park with his friends.",
          "poster_path": "/5lqJx0uNKrD1cEKgaqF1LBsLAoi.jpg",
          "release_date": "2018-06-01",
          "title": "Action Point",
          "video": false,
          "vote_average": 5.3,
          "vote_count": 31,
          "popularity": 33.909
        },
        {
          "adult": false,
          "backdrop_path": "/cS6S6OcvcAjx0aBzvHPy1Sm4Snj.jpg",
          "genre_ids": [
            18,
            14,
            27,
            53
          ],
          "id": 421792,
          "original_language": "en",
          "original_title": "Down a Dark Hall",
          "overview": "Kitt Gordy, a new student at the exclusive Blackwood Boarding School, confronts the institution's supernatural occurrences and dark powers of its headmistress.",
          "poster_path": "/wErHaJrD1QZ2FEVneH6w0GZUz2L.jpg",
          "release_date": "2018-08-01",
          "title": "Down a Dark Hall",
          "video": false,
          "vote_average": 5.5,
          "vote_count": 30,
          "popularity": 11.162
        },
        {
          "adult": false,
          "backdrop_path": "/64jAqTJvrzEwncD3ARZdqYLcqbc.jpg",
          "genre_ids": [
            12,
            53,
            10749
          ],
          "id": 429300,
          "original_language": "en",
          "original_title": "Adrift",
          "overview": "A true story of survival, as a young couple's chance encounter leads them first to love, and then on the adventure of a lifetime as they face one of the most catastrophic hurricanes in recorded history.",
          "poster_path": "/5gLDeADaETvwQlQow5szlyuhLbj.jpg",
          "release_date": "2018-05-31",
          "title": "Adrift",
          "video": false,
          "vote_average": 6.4,
          "vote_count": 170,
          "popularity": 49.661
        },
        {
          "adult": false,
          "backdrop_path": "/gRtLcCQOpYUI9ThdVzi4VUP8QO3.jpg",
          "genre_ids": [
            18,
            36,
            10752
          ],
          "id": 857,
          "original_language": "en",
          "original_title": "Saving Private Ryan",
          "overview": "As U.S. troops storm the beaches of Normandy, three brothers lie dead on the battlefield, with a fourth trapped behind enemy lines. Ranger captain John Miller and seven men are tasked with penetrating German-held territory and bringing the boy home.",
          "poster_path": "/miDoEMlYDJhOCvxlzI0wZqBs9Yt.jpg",
          "release_date": "1998-07-24",
          "title": "Saving Private Ryan",
          "video": false,
          "vote_average": 8,
          "vote_count": 6840,
          "popularity": 15.153
        },
        {
          "adult": false,
          "backdrop_path": "/aOQjLmHGuFy3hsY26QDIctxjMol.jpg",
          "genre_ids": [
            18,
            53
          ],
          "id": 470918,
          "original_language": "en",
          "original_title": "Beast",
          "overview": "A troubled woman living in an isolated community finds herself pulled between the control of her oppressive family and the allure of a secretive outsider suspected of a series of brutal murders.",
          "poster_path": "/kZdncyp1IKhEqwv5zdmUpK5Dc7S.jpg",
          "release_date": "2018-04-18",
          "title": "Beast",
          "video": false,
          "vote_average": 6.9,
          "vote_count": 19,
          "popularity": 2.492
        },
        {
          "id": 353081,
          "video": false,
          "vote_count": 952,
          "vote_average": 7.5,
          "title": "Mission: Impossible - Fallout",
          "release_date": "2018-07-25",
          "original_language": "en",
          "original_title": "Mission: Impossible - Fallout",
          "genre_ids": [
            28,
            12,
            53
          ],
          "backdrop_path": "/5qxePyMYDisLe8rJiBYX8HKEyv2.jpg",
          "adult": false,
          "overview": "When an IMF mission ends badly, the world is faced with dire consequences. As Ethan Hunt takes it upon himself to fulfil his original briefing, the CIA begin to question his loyalty and his motives. The IMF team find themselves in a race against time, hunted by assassins while trying to prevent a global catastrophe.",
          "poster_path": "/AkJQpZp9WoNdj7pLYSj1L0RcMMN.jpg",
          "popularity": 139.023
        },
        {
          "adult": false,
          "backdrop_path": "/kNAzo7icHdFkF43JQa18mPEUtvf.jpg",
          "genre_ids": [
            12,
            16,
            14
          ],
          "id": 271706,
          "original_language": "zh",
          "original_title": "大魚海棠",
          "overview": "Beyond the human realm, there is a magical race of beings who control the tides and the changing of the seasons. One of these beings, a young girl named Chun, seeks something more—she wants to experience the human world! At sixteen, she finally gets her chance and transforms into a dolphin in order to explore the world that has her fascinated. But she soon discovers that it’s a dangerous place and nearly gets killed in a vortex. Luckily, her life is spared when a young boy sacrifices himself to save her. Moved by his kindness and courage, she uses magic to bring him back to life only to learn that this power comes at a serious price. On a new adventure, she’ll have to make her own sacrifices in order to protect his soul until it is ready to return to the human world.",
          "poster_path": "/fRCdXh9MZutj1JJPZlUXMex6AuB.jpg",
          "release_date": "2016-07-08",
          "title": "Big Fish & Begonia",
          "video": false,
          "vote_average": 6.9,
          "vote_count": 30,
          "popularity": 7.424
        },
        {
          "original_name": "Game of Thrones",
          "id": 1399,
          "name": "Game of Thrones",
          "vote_count": 4772,
          "vote_average": 8.2,
          "first_air_date": "2011-04-17",
          "poster_path": "/gwPSoYUHAKmdyVywgLpKKA4BjRr.jpg",
          "genre_ids": [
            18,
            10759,
            10765
          ],
          "original_language": "en",
          "backdrop_path": "/gX8SYlnL9ZznfZwEH4KJUePBFUM.jpg",
          "overview": "Seven noble families fight for control of the mythical land of Westeros. Friction between the houses leads to full-scale war. All while a very ancient evil awakens in the farthest north. Amidst the war, a neglected military order of misfits, the Night's Watch, is all that stands between the realms of men and icy horrors beyond.",
          "origin_country": [
            "US"
          ],
          "popularity": 61.91
        },
        {
          "adult": false,
          "backdrop_path": "/5a7lMDn3nAj2ByO0X1fg6BhUphR.jpg",
          "genre_ids": [
            12,
            14,
            878
          ],
          "id": 333339,
          "original_language": "en",
          "original_title": "Ready Player One",
          "overview": "When the creator of a popular video game system dies, a virtual contest is created to compete for his fortune.",
          "poster_path": "/pU1ULUq8D3iRxl1fdX2lZIzdHuI.jpg",
          "release_date": "2018-03-28",
          "title": "Ready Player One",
          "video": false,
          "vote_average": 7.7,
          "vote_count": 3673,
          "popularity": 68.153
        },
        {
          "adult": false,
          "backdrop_path": "/wWoCid7YUxiLhq3ZZT6CtFEDPXw.jpg",
          "genre_ids": [
            28
          ],
          "id": 347375,
          "original_language": "en",
          "original_title": "Mile 22",
          "overview": "A CIA field officer and an Indonesian police officer are forced to work together in confronting political corruption. An informant must be moved twenty-two miles to safety.",
          "poster_path": "/2L8ehd95eSW9x7KINYtZmRkAlrZ.jpg",
          "release_date": "2018-08-10",
          "title": "Mile 22",
          "video": false,
          "vote_average": 6,
          "vote_count": 8,
          "popularity": 30.064
        },
        {
          "backdrop_path": "/okhLwP26UXHJ4KYGVsERQqp3129.jpg",
          "first_air_date": "2015-08-23",
          "genre_ids": [
            18,
            27
          ],
          "id": 62286,
          "name": "Fear the Walking Dead",
          "origin_country": [
            "US"
          ],
          "original_language": "en",
          "original_name": "Fear the Walking Dead",
          "overview": "What did the world look like as it was transforming into the horrifying apocalypse depicted in \"The Walking Dead\"? This spin-off set in Los Angeles, following new characters as they face the beginning of the end of the world, will answer that question.",
          "poster_path": "/gAEZitvNudXr9kphSd4XOlOkjPX.jpg",
          "vote_average": 6.4,
          "vote_count": 791,
          "popularity": 44.477
        },
        {
          "adult": false,
          "backdrop_path": "/bLJTjfbZ1c5zSNiAvGYs1Uc82ir.jpg",
          "genre_ids": [
            28,
            12,
            14
          ],
          "id": 338970,
          "original_language": "en",
          "original_title": "Tomb Raider",
          "overview": "Lara Croft, the fiercely independent daughter of a missing adventurer, must push herself beyond her limits when she finds herself on the island where her father disappeared.",
          "poster_path": "/3zrC5tUiR35rTz9stuIxnU1nUS5.jpg",
          "release_date": "2018-03-05",
          "title": "Tomb Raider",
          "video": false,
          "vote_average": 6.3,
          "vote_count": 2530,
          "popularity": 44.164
        },
        {
          "id": 345940,
          "video": false,
          "vote_count": 310,
          "vote_average": 6.3,
          "title": "The Meg",
          "release_date": "2018-08-09",
          "original_language": "en",
          "original_title": "The Meg",
          "genre_ids": [
            28,
            27,
            878,
            53
          ],
          "backdrop_path": "/ibKeXahq4JD63z6uWQphqoJLvNw.jpg",
          "adult": false,
          "overview": "A deep sea submersible pilot revisits his past fears in the Mariana Trench, and accidentally unleashes the seventy foot ancestor of the Great White Shark believed to be extinct.",
          "poster_path": "/xqECHNvzbDL5I3iiOVUkVPJMSbc.jpg",
          "popularity": 198.941
        }
      ]
    },
    {
      "id": 2,
      "title": "New Movies",
      "details": [
        {
          "adult": false,
          "backdrop_path": "/bQXAqRx2Fgc46uCVWgoPz5L5Dtr.jpg",
          "genre_ids": [
            28,
            14,
            878
          ],
          "id": 436270,
          "original_language": "en",
          "original_title": "Black Adam",
          "overview": "Nearly 5,000 years after he was bestowed with the almighty powers of the Egyptian gods—and imprisoned just as quickly—Black Adam is freed from his earthly tomb, ready to unleash his unique form of justice on the modern world.",
          "popularity": 9137.939,
          "poster_path": "/pFlaoHTZeyNkG83vxsAJiGzfSsa.jpg",
          "release_date": "2022-10-19",
          "title": "Black Adam",
          "video": false,
          "vote_average": 7.3,
          "vote_count": 2296
        },
        {
          "adult": false,
          "backdrop_path": "/7zQJYV02yehWrQN6NjKsBorqUUS.jpg",
          "genre_ids": [
            28,
            18,
            36
          ],
          "id": 724495,
          "original_language": "en",
          "original_title": "The Woman King",
          "overview": "The story of the Agojie, the all-female unit of warriors who protected the African Kingdom of Dahomey in the 1800s with skills and a fierceness unlike anything the world has ever seen, and General Nanisca as she trains the next generation of recruits and readies them for battle against an enemy determined to destroy their way of life.",
          "popularity": 4835.899,
          "poster_path": "/438QXt1E3WJWb3PqNniK0tAE5c1.jpg",
          "release_date": "2022-09-15",
          "title": "The Woman King",
          "video": false,
          "vote_average": 7.9,
          "vote_count": 552
        },
        {
          "adult": false,
          "backdrop_path": "/90ZZIoWQLLEXSVm0ik3eEQBinul.jpg",
          "genre_ids": [
            28,
            27,
            53
          ],
          "id": 988233,
          "original_language": "en",
          "original_title": "Hex",
          "overview": "Following a mysterious disappearance on a jump, a group of skydivers experience paranormal occurrences that leave them fighting for their lives.",
          "popularity": 2444.032,
          "poster_path": "/xFJHb43ZAnnuiDztxZYsmyopweb.jpg",
          "release_date": "2022-11-01",
          "title": "Hex",
          "video": false,
          "vote_average": 3.8,
          "vote_count": 8
        },
        {
          "adult": false,
          "backdrop_path": "/kmzppWh7ljL6K9fXW72bPN3gKwu.jpg",
          "genre_ids": [
            14,
            28,
            35,
            80
          ],
          "id": 1013860,
          "original_language": "en",
          "original_title": "R.I.P.D. 2: Rise of the Damned",
          "overview": "When Sheriff Roy Pulsipher finds himself in the afterlife, he joins a special police force and returns to Earth to save humanity from the undead.",
          "popularity": 3173.029,
          "poster_path": "/g4yJTzMtOBUTAR2Qnmj8TYIcFVq.jpg",
          "release_date": "2022-11-15",
          "title": "R.I.P.D. 2: Rise of the Damned",
          "video": false,
          "vote_average": 6.8,
          "vote_count": 191
        },
        {
          "adult": false,
          "backdrop_path": "/707thQazLJiYLBhCrZlRoV05NNL.jpg",
          "genre_ids": [
            28,
            18,
            53
          ],
          "id": 948276,
          "original_language": "fr",
          "original_title": "Balle perdue 2",
          "overview": "Having cleared his name, genius mechanic Lino has only one goal in mind: getting revenge on the corrupt cops who killed his brother and his mentor.",
          "popularity": 2504.871,
          "poster_path": "/uAeZI1JJbLPq7Bu5dziH7emHeu7.jpg",
          "release_date": "2022-11-10",
          "title": "Lost Bullet 2",
          "video": false,
          "vote_average": 6.7,
          "vote_count": 134
        },
        {
          "adult": false,
          "backdrop_path": "/au4HUSWDRadIcl9CqySlw1kJMfo.jpg",
          "genre_ids": [
            80,
            28,
            53
          ],
          "id": 829799,
          "original_language": "en",
          "original_title": "Paradise City",
          "overview": "Renegade bounty hunter Ryan Swan must carve his way through the Hawaiian crime world to wreak vengeance on the kingpin who murdered his father.",
          "popularity": 2126.399,
          "poster_path": "/uGuHHS9SWv7MrFhCH6zoGGd7DA8.jpg",
          "release_date": "2022-11-11",
          "title": "Paradise City",
          "video": false,
          "vote_average": 6.1,
          "vote_count": 33
        },
        {
          "adult": false,
          "backdrop_path": "/8Tr79lfoCkOYRg8SYwWit4OoQLi.jpg",
          "genre_ids": [
            878,
            28
          ],
          "id": 872177,
          "original_language": "en",
          "original_title": "Corrective Measures",
          "overview": "Set in San Tiburon, the world's most dangerous maximum-security penitentiary and home to the world's most treacherous superpowered criminals, where tensions among the inmates and staff heighten, leading to anarchy that engulfs the prison and order is turned upside down.",
          "popularity": 1528.562,
          "poster_path": "/aHFq9NMhavOL0jtQvmHQ1c5e0ya.jpg",
          "release_date": "2022-04-29",
          "title": "Corrective Measures",
          "video": false,
          "vote_average": 5.1,
          "vote_count": 35
        },
        {
          "adult": false,
          "backdrop_path": "/sP1ShE4BGLkHSRqG9ZeGHg6C76t.jpg",
          "genre_ids": [
            53,
            80
          ],
          "id": 934641,
          "original_language": "en",
          "original_title": "The Minute You Wake Up Dead",
          "overview": "A stockbroker in a small southern town gets embroiled in an insurance scam with a next-door neighbor that leads to multiple murders when a host of other people want in on the plot. Sheriff Thurmond Fowler, the by-the-book town sheriff for over four decades, works earnestly to try and unravel the town’s mystery and winds up getting more than he bargained for.",
          "popularity": 1503.761,
          "poster_path": "/pUPwTbnAqfm95BZjNBnMMf39ChT.jpg",
          "release_date": "2022-11-04",
          "title": "The Minute You Wake Up Dead",
          "video": false,
          "vote_average": 4.9,
          "vote_count": 19
        },
        {
          "adult": false,
          "backdrop_path": null,
          "genre_ids": [
            10749
          ],
          "id": 485470,
          "original_language": "ko",
          "original_title": "착한 형수2",
          "overview": "If you give it once, a good brother-in-law who gives everything generously will come!  At the house of her girlfriend Jin-kyung, who lives with pumice stone, her brother and his wife suddenly visit and the four of them live together. At first, Kyung-seok, who was burdened by his girlfriend's brother, began to keep his eyes on his wife, Yeon-su. A bold brother-in-law who walks around in no-bra and panties without hesitation even at his sister-in-law's house. Besides, from a certain moment, he starts to send a hand of temptation to Pyeong-seok first...",
          "popularity": 1953.437,
          "poster_path": "/3pEs4hmeHvTAsmx09whEaPDOQpq.jpg",
          "release_date": "2017-10-08",
          "title": "Nice Sister-In-Law 2",
          "video": false,
          "vote_average": 6,
          "vote_count": 2
        },
        {
          "adult": false,
          "backdrop_path": "/xDMIl84Qo5Tsu62c9DGWhmPI67A.jpg",
          "genre_ids": [
            28,
            12,
            878
          ],
          "id": 505642,
          "original_language": "en",
          "original_title": "Black Panther: Wakanda Forever",
          "overview": "Queen Ramonda, Shuri, M’Baku, Okoye and the Dora Milaje fight to protect their nation from intervening world powers in the wake of King T’Challa’s death. As the Wakandans strive to embrace their next chapter, the heroes must band together with the help of War Dog Nakia and Everett Ross and forge a new path for the kingdom of Wakanda.",
          "popularity": 1687.653,
          "poster_path": "/ps2oKfhY6DL3alynlSqY97gHSsg.jpg",
          "release_date": "2022-11-09",
          "title": "Black Panther: Wakanda Forever",
          "video": false,
          "vote_average": 7.6,
          "vote_count": 1129
        },
        {
          "adult": false,
          "backdrop_path": "/gVecEIEZLZg3pV5CACXAB48I6au.jpg",
          "genre_ids": [
            80,
            18,
            9648,
            53
          ],
          "id": 862965,
          "original_language": "en",
          "original_title": "Emily the Criminal",
          "overview": "Emily, who is saddled with student debt and locked out of the job market due to a minor criminal record, gets involved in a credit card scam that pulls her into the criminal underworld of Los Angeles, ultimately leading to deadly consequences.",
          "popularity": 1023.229,
          "poster_path": "/iZvzMpREGiqDQ5eYbx8z70qPgst.jpg",
          "release_date": "2022-08-12",
          "title": "Emily the Criminal",
          "video": false,
          "vote_average": 6.9,
          "vote_count": 215
        },
        {
          "adult": false,
          "backdrop_path": "/kpUre8wWSXn3D5RhrMttBZa6w1v.jpg",
          "genre_ids": [
            35,
            10751,
            14
          ],
          "id": 338958,
          "original_language": "en",
          "original_title": "Disenchanted",
          "overview": "Disillusioned with life in the city, feeling out of place in suburbia, and frustrated that her happily ever after hasn’t been so easy to find, Giselle turns to the magic of Andalasia for help. Accidentally transforming the entire town into a real-life fairy tale and placing her family’s future happiness in jeopardy, she must race against time to reverse the spell and determine what happily ever after truly means to her and her family.",
          "popularity": 1468.421,
          "poster_path": "/4x3pt6hoLblBeHebUa4OyiVXFiM.jpg",
          "release_date": "2022-11-16",
          "title": "Disenchanted",
          "video": false,
          "vote_average": 7.3,
          "vote_count": 445
        },
        {
          "adult": false,
          "backdrop_path": "/eyiSLRh44SKKWIJ6bxWq8z1sscB.jpg",
          "genre_ids": [
            53,
            27,
            80
          ],
          "id": 899294,
          "original_language": "en",
          "original_title": "Frank and Penelope",
          "overview": "A tale of love and violence when a man on his emotional last legs finds a savior seductively dancing in a run-down strip club. And a life most certainly headed off a cliff suddenly becomes redirected - as everything is now worth dying for.",
          "popularity": 1406.877,
          "poster_path": "/5NpXoAi3nEQkEgLO09nmotPfyNa.jpg",
          "release_date": "2022-06-03",
          "title": "Frank and Penelope",
          "video": false,
          "vote_average": 7.6,
          "vote_count": 40
        },
        {
          "adult": false,
          "backdrop_path": "/c1bz69r0v065TGFA5nqBiKzPDys.jpg",
          "genre_ids": [
            35,
            10751,
            10402
          ],
          "id": 830784,
          "original_language": "en",
          "original_title": "Lyle, Lyle, Crocodile",
          "overview": "When the Primm family moves to New York City, their young son Josh struggles to adapt to his new school and new friends. All of that changes when he discovers Lyle — a singing crocodile who loves baths, caviar and great music — living in the attic of his new home. But when Lyle’s existence is threatened by evil neighbor Mr. Grumps, the Primms must band together to show the world that family can come from the most unexpected places.",
          "popularity": 1548.885,
          "poster_path": "/CpaU433AomkCvwAhR3KROUIFJO.jpg",
          "release_date": "2022-10-07",
          "title": "Lyle, Lyle, Crocodile",
          "video": false,
          "vote_average": 7.7,
          "vote_count": 104
        },
        {
          "adult": false,
          "backdrop_path": "/AokFVAl1JVooW1uz2V2vxNUxfit.jpg",
          "genre_ids": [
            36,
            28,
            18
          ],
          "id": 551271,
          "original_language": "en",
          "original_title": "Medieval",
          "overview": "The story of 14th century Czech icon and warlord Jan Zizka who defeated armies of the Teutonic Order and the Holy Roman Empire.",
          "popularity": 1043.02,
          "poster_path": "/4njdAkiBdC5LnFApeXSkFQ78GdT.jpg",
          "release_date": "2022-09-08",
          "title": "Medieval",
          "video": false,
          "vote_average": 7.2,
          "vote_count": 201
        },
        {
          "adult": false,
          "backdrop_path": "/olPXihyFeeNvnaD6IOBltgIV1FU.jpg",
          "genre_ids": [
            27,
            9648,
            53
          ],
          "id": 882598,
          "original_language": "en",
          "original_title": "Smile",
          "overview": "After witnessing a bizarre, traumatic incident involving a patient, Dr. Rose Cotter starts experiencing frightening occurrences that she can't explain. As an overwhelming terror begins taking over her life, Rose must confront her troubling past in order to survive and escape her horrifying new reality.",
          "popularity": 1105.399,
          "poster_path": "/aPqcQwu4VGEewPhagWNncDbJ9Xp.jpg",
          "release_date": "2022-09-23",
          "title": "Smile",
          "video": false,
          "vote_average": 6.8,
          "vote_count": 997
        },
        {
          "adult": false,
          "backdrop_path": "/sUuzl04qNIYsnwCLQpZ2RSvXA1V.jpg",
          "genre_ids": [
            35,
            28,
            53
          ],
          "id": 792775,
          "original_language": "is",
          "original_title": "Leynilögga",
          "overview": "When Bússi, Iceland's toughest cop, is forced to work with a new partner to solve a series of bank robberies, the pressure to close the case as soon as possible proves too much for him.",
          "popularity": 1800.201,
          "poster_path": "/jnWyZsaCl3Ke6u6ReSmBRO8S1rX.jpg",
          "release_date": "2022-05-23",
          "title": "Cop Secret",
          "video": false,
          "vote_average": 6.2,
          "vote_count": 26
        },
        {
          "adult": false,
          "backdrop_path": "/sCOHkah9RbFeZfFnfBrcykKCMNa.jpg",
          "genre_ids": [
            27,
            878
          ],
          "id": 846778,
          "original_language": "en",
          "original_title": "Margaux",
          "overview": "As a group of seniors celebrate their final college days at a smart house, the house's highly advanced AI system, Margaux, begins to take on a deadly presence of her own. A carefree weekend of partying turns into a dystopian nightmare as they realize Margaux's plans to eliminate her tenants one way or another. Time begins to run out as the group desperately tries to survive and outsmart the smart home.",
          "popularity": 975.133,
          "poster_path": "/uNzgeMetu9l4q9NDw7gtiUFwPOJ.jpg",
          "release_date": "2022-09-09",
          "title": "Margaux",
          "video": false,
          "vote_average": 7,
          "vote_count": 46
        },
        {
          "adult": false,
          "backdrop_path": "/yNib9QAiyaopUJbaayKQ2xK7mYf.jpg",
          "genre_ids": [
            18,
            28,
            10752
          ],
          "id": 966220,
          "original_language": "uk",
          "original_title": "Снайпер. Білий ворон",
          "overview": "Mykola is an eccentric pacifist who wants to be useful to humanity. When the war begins at Donbass, Mykola’s naive world is collapsing as the militants kill his pregnant wife and burn his home to the ground. Recovered, he makes a cardinal decision and gets enlisted in a sniper company. Having met his wife’s killers, he emotionally breaks down and arranges “sniper terror” for the enemy. He’s saved from a senseless death by his instructor who himself gets mortally wounded. The death of a friend leaves a “scar” and Mykola is ready to sacrifice his life.",
          "popularity": 894.927,
          "poster_path": "/lZOODJzwuQo0etJJyBBZJOSdZcW.jpg",
          "release_date": "2022-05-03",
          "title": "Sniper: The White Raven",
          "video": false,
          "vote_average": 7.6,
          "vote_count": 141
        },
        {
          "adult": false,
          "backdrop_path": "/83Vt9Io9xSFKfKDdgxqKZgdqjuZ.jpg",
          "genre_ids": [
            28,
            53,
            80
          ],
          "id": 972313,
          "original_language": "en",
          "original_title": "Blowback",
          "overview": "When a master thief is sabotaged during a bank heist and left for dead, he seeks revenge on his former crew one target at a time. Now, with the cops and the mob closing in, he's in the race of his life to reclaim an untold fortune in cryptocurrency from those who double-crossed him.",
          "popularity": 1358.078,
          "poster_path": "/fHQHC32dhom8u0OxC2hs2gYQh0M.jpg",
          "release_date": "2022-06-17",
          "title": "Blowback",
          "video": false,
          "vote_average": 5.6,
          "vote_count": 19
        }
      ]
    }
  ]
}